1000,,,,180,NULL,CARBON FILM RESISTOR ¼W 5% XICON 291-10M
1001,,,,180,NULL,CARBON FILM RESISTOR ¼W 5% XICON 291-110K
1002,,,,180,291-11K-RC,CARBON FILM RESISTOR ¼W 5% XICON 291-11K
1003,,,,180,291-120-RC,CARBON FILM RESISTOR ¼W 5% XICON 291-120
1004,,,,124,NULL,"CARBON FILM RESISTOR, 1/4W, 5% 120K OHM"
1004,,,,180,NULL,CARBON FILM RESISTOR ¼W 5% XICON 291-120K
1005,,,,124,NULL,"CARBON FILM RESISTOR, 1/4W, 5% 3K3 OHM"
1005,,,,180,291-3.3K-RC,CARBON FILM RESISTOR ¼W 5% XICON 291-3.3K-RC
1007,,,,180,291-150K-RC,CARBON FILM RESISTOR ¼W 5% XICON 291-150K
1008,,,,124,NULL,"CARBON FILM RESISTOR, 1/4W, 5% 15K OHM"
1008,,,,180,291-15K-RC,CARBON FILM RESISTOR ¼W 5% XICON 291-15K-RC
1009,,,,180,NULL,CARBON FILM RESISTOR ¼W 5% XICON 291-16K
101,,,,130,NULL,LME 170LM 7FT CHAIN RAIL 84175
1011,,,,180,291-180-RC,CARBON FILM RESISTOR ¼W 5% XICON 291-180-RC
1012,,,,180,291-18K-RC,CARBON FILM RESISTOR ¼W 5% XICON 291-18K-RC
1013,,,,124,NULL,"CARBON FILM RESISTOR, 1/4W, 5% 1K OHM"
1013,,,,180,291-1K-RC,CARBON FILM RESISTOR ¼W 5% XICON 291-1K-RC
1014,,,,180,291-1M-RC,CARBON FILM RESISTOR ¼W 5% XICON 291-1M
1015,,,,180,291-2.2K-RC,CARBON FILM RESISTOR ¼W 5% XICON 291-2.2K-RC
1016,,,,180,NULL,CARBON FILM RESISTOR ¼W 5% XICON 291-2.4K
1017,,,,124,NULL,"CARBON FILM RESISTOR, 1/4W, 5% 2K7 OHM"
1017,,,,180,291-2.7K-RC,CARBON FILM RESISTOR ¼W 5% XICON 291-2.7K
1019,,,,180,NULL,CARBON FILM RESISTOR ¼W 5% XICON 291-220
1020,,,,180,291-22K-RC,CARBON FILM RESISTOR ¼W 5% XICON 291-22K-RC
1021,,,,180,291-24K-RC,CARBON FILM RESISTOR ¼W 5% XICON 291-24K-RC
1022,,,,124,NULL,"CARBON FILM RESISTOR, 1/4W, 5% 270 OHM"
1022,,,,180,291-270-RC,CARBON FILM RESISTOR ¼W 5% XICON 291-270-RC
1023,,,,180,291-270K-RC,CARBON FILM RESISTOR ¼W 5% XICON 291-270K
1024,,,,124,NULL,"CARBON FILM RESISTOR, 1/4W, 5% 27K OHM"
1024,,,,180,NULL,CARBON FILM RESISTOR ¼W 5% XICON 291-27K
1025,,,,124,NULL,"CARBON FILM RESISTOR, 1/4W, 5% 3K6 OHM"
1025,,,,180,291-3.6-RC,CARBON FILM RESISTOR ¼W 5% XICON 291-3.6K
1026,,,,124,NULL,"CARBON FILM RESISTOR, 1/4W, 5% 3K OHM"
1026,,,,180,291-3K-RC,CARBON FILM RESISTOR ¼W 5% XICON 291-3.0K
1027,,,,180,NULL,CARBON FILM RESISTOR ¼W 5% XICON 291-3.9K
1028,,,,124,NULL,"CARBON FILM RESISTOR, 1/4W, 5% 30K OHM"
1028,,,,180,291-30K-RC,CARBON FILM RESISTOR ¼W 5% XICON 291-30K
1030,,,,124,NULL,"CARBON FILM RESISTOR, 1/4W, 5% 33K OHM"
1030,,,,180,291-33K-RC,CARBON FILM RESISTOR ¼W 5% XICON 291-33K
1031,,,,180,NULL,CARBON FILM RESISTOR ¼W 5% XICON 291-34.8K
1033,,,,124,NULL,"CARBON FILM RESISTOR, 1/4W, 5% 36K OHM"
1033,,,,180,291-36K-RC,CARBON FILM RESISTOR ¼W 5% XICON 291-36K
1034,,,,180,291-39K-RC,CARBON FILM RESISTOR ¼W 5% XICON 291-39K
1035,,,,124,NULL,"CARBON FILM RESISTOR, 1/4W, 5% 4K3 OHM"
1035,,,,180,NULL,CARBON FILM RESISTOR ¼W 5% XICON 291-4.3K
1036,,,,180,291-4.7K-RC,CARBON FILM RESISTOR ¼W 5% XICON 291-4.7K
1037,,,,124,NULL,"CARBON FILM RESISTOR, 1/4W, 5% 43 OHM"
1037,,,,180,291-43-RC,CARBON FILM RESISTOR ¼W 5% XICON 291-43-RC
1038,,,,124,NULL,"CARBON FILM RESISTOR, 1/4W, 5% 43K OHM"
1038,,,,180,291-43K-RC,CARBON FILM RESISTOR ¼W 5% XICON 291-43K
1039,,,,124,NULL,"CARBON FILM RESISTOR, 1/4W, 5% 470 OHM"
1039,,,,180,291-470-RC,CARBON FILM RESISTOR ¼W 5% XICON 291-470-RC
1040,,,,124,NULL,"CARBON FILM RESISTOR, 1/4W, 5% 470K OHM"
1040,,,,180,291-470K-RC,CARBON FILM RESISTOR ¼W 5% XICON 291-470K
1041,,,,124,NULL,VARIABLE RESISTOR 100 OHM 10-1-25 MPO-RH101001
1041,,,,180,531-PT10H-100,TRIMMER RESISTOR PT10LH01-101A2020
1042,,,,124,NULL,VARIABLE RESISTOR 10mm 1K OHM 10-1-25 MPO-RH102001
1043,,,,646,L-KLS4,VARIABLE RESISTOR L-KLS4-PT10-M-H2.5-501-A-2020
1044,,,,646,KLS4PT10LH2.5502A202,VARIABLE RESISTOR KLS4-PT10-L-H2.5-502-A-2020
1044,,,,124,10/1/2005,"RES. Variable 10KH10-502A2020, 5KOHM"
1049,,,,180,NULL,METAL FILM RESISTOR ¼W 1% XICON 271-1.5K
1052,,,,124,NULL,"METAL FILM RESISTOR, 1/4W, 1% 13K7 OHM"
1052,,,,180,271-13.7K-RC,METAL FILM RESISTOR ¼W 1% XICON 271-13.7K
1053,,,,180,NULL,METAL FILM RESISTOR ¼W 1% XICON 271-169K
1054,,,,180,NULL,METAL FILM RESISTOR ¼W 1% XICON 271-191
1055,,,,180,NULL,METAL FILM RESISTOR ¼W 1% XICON 271-2.2K
1056,,,,180,NULL,METAL FILM RESISTOR ¼W 1% XICON 271-30.9K
1058,,,,124,NULL,"METAL FILM RESISTOR, 1/4W, 1% 34K8 OHM"
1058,,,,180,NULL,METAL FILM RESISTOR ¼W 1% XICON 271-34.8K
1060,,,,180,271-52.3K-RC,METAL FILM RESISTOR ¼W 1% XICON 271-52.3K
1061,,,,124,NULL,"METAL FILM RESISTOR, 1/4W, 1% 6K49 OHM"
1061,,,,180,271-6.49K-RC,METAL FILM RESISTOR ¼W 1% XICON 271-6.49K
1063,,,,180,NULL,METAL FILM RESISTOR ¼W 1% XICON 271-6.65
1065,,,,180,NULL,METAL FILM RESISTOR ¼W 1% XICON 271-64.9K
1066,,,,124,NULL,"METAL FILM RESISTOR, 1/4W, 1% 7K15 OHM"
1066,,,,180,271-7.15K-RC,METAL FILM RESISTOR ¼W 1% XICON 271-7.15K
1067,,,,180,NULL,METAL FILM RESISTOR ¼W 1% XICON 271-866
1068,,,,180,271-9.53K-RC,METAL FILM RESISTOR ¼W 1% XICON 271-9.53K-RC
1069,,,,180,NULL,METAL FILM RESISTOR ¼W 1% XICON 271-95.3K
1070,,,,180,NULL,METAL FILM RESISTOR ¼W 1% XICON 271-97.6K
1071,,,,180,NULL,CARBON FILM RESISTOR ¼W 5% XICON 291-000
1072,,,,180,NULL,CARBON FILM RESISTOR ¼W 5% XICON 291-1.0M
1074,,,,180,NULL,CARBON FILM RESISTOR ¼W 5% XICON 291-1.1M
1075,,,,180,NULL,CARBON FILM RESISTOR ¼W 5% XICON 291-1.2K
1076,,,,180,291-1.3K-RC,CARBON FILM RESISTOR ¼W 5% XICON 291-1.3K
1077,,,,180,291-1.5K-RC,CARBON FILM RESISTOR ¼W 5% XICON 291-1.5K
1078,,,,180,291-1.8-RC,CARBON FILM RESISTOR ¼W 5% XICON 291-1.8-RC
1079,,,,180,NULL,CARBON FILM RESISTOR ¼W 5% XICON 291-1.8K
1082,,,,58,1N4148,SMALL SIGNAL DIODE 1N4148
1087,,,,541,HHC71B,RELAY JQ-38F 24VDC
1087,,,,124,NULL,RELAY BTA3-3C-P1-24V DC
1088,,,,124,NULL,RELAY BTA2-3C-24V CD-P MRL-3C024D005 20A 24V 3PDT 
1089,,,,124,NULL,RELAY 812H-1C-S 12V DC
1089,,,,182,NULL,RELAY SPDT 10A 12V DC SONG CHUAN 812H1CS12VDC
1115,,,,188,NULL,TIPS FOR WELLER WTCPT  PTA7
1129,,,,234,NULL,LAMINA TRANSFORMADOR 825 LEG2.750 OVERALL 8.250X6.
1137,,,,646,KLS17-0635-FC-80-5,Flat Cable  80 Pins and 200 Meters Length
1137,,,,180,3365/60-100,3M FLAT CABLE
1140,,,,276,NULL,LOCTITE CRYSTAL 502 3% SN63 .062 MULTICORE
1142,,,,276,NULL,LOCTITE 400 1% SN63 .032 MULTICORE
1156,,,,550,1156,TRANSFORMADOR WAVE T2
1156,,,,124,MTAHPINV002,"Transformer. Power, INV, Wave T2"
1159,,,,124,MSI-Z10001,"Thermostat. 55'C, Normal Open, Terminal 90' 250TAB"
1174,,,,392,NULL,LAMINA TRANSFORMADOR GNO M-43 EI-50MM SIN RECOZER
1174,,,,438,NULL,TRANSFORMAR LAMINATION EI 152.4 50A700 M36 NA
1174,,,,234,NULL,LAMINA TRANSFORMADOR MONOFASE C50 150X125 2W3 SP
1176,,,,392,NULL,LAMINA TRANSFORMADOR GNO-M-43 EI-60MM SIN RECOZER
1176,,,,438,NULL,TRANSFORMER LAMINATION EI 181.2 50A700 M36 NA
1176,,,,234,NULL,LAMINA TRANSFORMADOR MONOFASE C60 180X150 2W3 SP
1179,,,,392,NULL,LAMINA TRANSFORMADOR GNO M-43 EI-70MM SIN RECOZER
1179,,,,458,NULL,TRANSF. LAMINATION EI MONOFASICA COL 70 M400 50A
1186,,,,392,NULL,LAMINA TRANSFORMADOR GNO M-43 EI-0175 SIN RECOZER
1186,,,,438,NULL,TRANSFORMER LAMINATION EI 133.2 50A700 M36 NA
1186,,,,234,NULL,LAMINA TRANSFORMADOR MONOFASE C45 135X112.5 2W3 SP
1204,,,,124,NULL,RELAY 2PDT 30A 24V WJ184-2C
1204,,,,182,NULL,RELAY 2PDT 30A 24V DC MAGNECRAFT W199X-13
12062C103KAT2A,,,,180,581-12062C103K,MLCC - SMD/SMT 1206 0.01uF 200volts X7R 10%
1207,,,,182,NULL,RELAY 2PDT 10A 12V DC MAGNECRAFT W78RCSX-7
1208,,,,182,NULL,RELAY 2PDT 10A 24V DC MAGNECRAFT W78RCSX-8
1221,,,,176,NULL,6-32 x 3/4 PHILLIPS PAN HD STEEL ZINC PLT
1242,,,,223,5/16-18X2,UNSLOTTED INDENTED HEX WASHER MACHINE SCREW STEEL 
1267,,,,177,NULL,PCB PANEL STATUS PWM
1273,,,,177,NULL,PCB PB PWM 0715 VER 1.2
1298,,,,623,ESF-12ASSY,"ESF-12ASSY,XFRM BRACKET 4.5"
12TS15-7,,,,180,12TS15-7,Toggle Switches DPDT (ON)-OFF-(ON) Screw Term
1376,,,,101,NULL,REGULADOR 8 V JRC NJM7808FA
1376,,,,58,NULL,REGULADOR VOLTAJE SGS THOMSON L7808CV
1403,,,,58,ULN2804,OCTAL PERIPHERAL DRIVER ARRAY ULN2804A
1404,,,,101,NULL,REGULADOR 5V JRC  NJM7805FA
1404,,,,180,511-L7805CV,Linear Regulators - Standard 5.0V 1.0A Positive
1404,,,,58,L7805CV,L78 Series 5 V TO-220 1.5 A Three Terminal Positiv
1407,,,,180,NULL,"CAPACITOR MICA XICON-146-250V 2,2 K"
1425,,,,124,NULL,RELAY WJ116-1C-24V
1425,,,,182,NULL,RELAY SONG CHUAN 832A-1C-C-24VDC
1425,,,,336,NULL,RELAY ZETTLER AZ 2100-1C-24DE
1425,,,,58,NULL,RELAY AZ2100-1C-24DE
1454,,,,180,NULL,CAPACITOR MICA XICON - 146-250V 1K
147,,,,124,NULL,RELAY 982-1C-12DS
147,,,,182,NULL,RELAY SONG CHUAN 835-1A-B-S-12VDC
147,,,,229,AZ767-1A-12DE,RELAY AZ767-1A-12DE
147,,,,336,NULL,RELAY AZ764-1C-12D
147,,,,58,835-1A-B-S-12VDC ,835 Series 10 A SPNO 12 VDC TH Sealed Mini Power R
1488,,,,101,NULL,IC GATE NAND BUFF QD 2INP 14-DIP CD4011BCN-ND
1490,,,,101,NULL,REGULADOR 12V JRC NJM7812FA
1490,,,,58,NULL,REGULADOR VOLTAJE SGS THOMSON L7812CV  (STM)
1491,,,,101,NULL,REGULADOR 15V JRC NJM7815FA
1491,,,,58,L7815CV,REGULADOR VOLTAJE SGS THOMSON L7815CV
1504,,,,223,07151-001-01,5/16-18 SERRATED HEX FLANGE LOCKNUT HARDENED STEEL
1531,,,,130,STRAT 3000 1000X080,DOOR STRAT 3000 MEX 1000X0800 TW 
1564,,,,467,DP-09-04-089,FOR 12FT x 8FT SIZE DOUBLE PANEL GARAGE DOOR
1566,,,,130,NULL,DOOR WGS3 MEX 1600X080 75 TW
1568,,,,130,NULL,DOOR WGS3 MEX 1800X080 75 TW
157,,,,124,NULL,RELAY 982-1A-24DS
157,,,,336,NULL,RELAY AZ764-1A-24DE
1660,,,,656,TUE.75,"TUBO EMT 3/4"""
1676,,,,130,NULL,ANGULAR PERFORADO GALVANIZADO AMARR 1½ X 1½ X 8
169,,,,646,KLS1-204-10-B,10 Pin IDC 2.54mm Connector
169,,,,124,NULL,IDC SOCKET 2.54MM*2.54MM 2.5 POL
170-II,,,,180,578-175M,MICRO CUTTER 175M XCELITE ( 578-175M) 
170-II,,,,58,NULL,MICRO CUTTER XCELITE 170M
1707,,,,124,MCB-250004002,CIRCUIT BREAKER 250V 4A METAL M11*P1.0
1708,,,,124,MCB-250007002,CIRCUIT BREAKER 250V 7A METAL M11*P1.0
1720,,,,180,NULL,CAPACITOR MICA XICON 146-250V.22K
1721,,,,180,667-ECQ-E2474KB,Film Capacitors 250DC 0.47uF 10% L/S =10mm
1721,,,,58,474MMR250K,METALLIZED POLYESTER CAP 474MMR250K 0.47uF 250V
1772,,,,180,942-IRF3205PBF,MOSFET MOSFT 55V 98A 8mOhm 97.3nC 
1772,,,,58,IRF3205PBF,"MOSFET 55V, 110A IFR3205"
178,,,,180,942-IRFZ24NPBF ,MOSFET Power 55V Single N-Channel HEXFET 
178,,,,58,IRFZ24NPBF,Single N-Channel 55V 45W 20nC Hexfet Power Mosfet
18,,,,130,NULL,08' x 1.25 x 1.25 14g PUNCHED ANGLE 33KSI 99026207
181,,,,124,MCN-3201-0002,"TERMINAL PCB MALE #250 7.9*14MM, T=0.8MM 250P BLAC"
1818,,,,124,NULL,"RELAY WJ116-1C-12V (MP934-1C-12D) 12VDC,30A"
1818,,,,182,NULL,RELAY SONG CHUAN 832A-1C-C-12VDC 
1818,,,,336,NULL,RELAY ZETTLER AZ 2100-1C-12D
1832,,,,124,NULL,VARIABLE RESISTOR 10mm 5K OHM 10-1-25 MPO-RH50200
1834,,,,451,NULL,ELECTROLYTIC CAPACITOR 1UF/50V 5X11 CD26L
1834,,,,124,NULL,E/C CAPACITOR 50V1uf 5*11
1834,,,,58,NRSA1R0M50V5.11F,CAPACITOR 1uF/50V NRSA1R0M50V5.11F
186,,,,180,NULL,CARBON FILM RESISTOR ¼W 5% XICON 291-680
1979,,,,180,NULL,CAPACITOR MICA XICON 146-250V .01K
199,,,,124,MCB-250030001,CIRCUIT BREAKER 250V 30A 31*35*14.3MM
1993,,,,130,NULL,
1N5240B,,,,180,512-1N5240BT50R_Q ,ZENER DIODE 10V 0.5W 512-1N5240BT50R_Q 
1N5822G,,,,180,863-1N5822G,Schottky (Diodes & Rectifiers) 3A 40V
1N5822G,,,,58,1N5822G,1N5822 Series 3 _40V Schottky Axial Lead Rectifier
2-2013289-1,,,,180,571-2-2013289-1,TE CONNECTIVITY DIMM CONNECTOR
200,,,,124,MCB-250035001,CIRCUIT BREAKER 250V 35A 31*35*14.3MM
201,,,,124,MCB-250040001,CIRCUIT BREAKER 250V 40A 31*35*14.3MM
2013,,,,393,NULL,ALAMBRE DE COBRE ESMALTADO No.05 200ºC
2014,,,,393,NULL,ALAMBRE DE COBRE ESMALTADO No. 07 200ºC
2015,,,,393,T2R08ND7803264,ALAMBRE DE COBRE ESMALTADO 08AWG 200ºC
202,,,,124,MAC-3001-0005,LED HOLDER FOR 5MM LED LED1L-2.5
204,,,,124,MCB-250025001,CIRCUIT BREAKER 250V 25A 31*35*14.3MM
20725,,,,180,595-ULN2803AN,Darlington Transistors TRANSISTOR ARRAYS
20726,,,,180,512-FOD2741B,Transistor Output Optocouplers Error amplifier Opt
20727,,,,180,652-SDR1806-470ML,47uH 20% SMD BOURNS POWER INDUCTOR RoHS
20925,,,,180,625-UF4007-E3/73 ,Rectifiers 1000 Volt 1.0A 75ns 30 Amp IFSM 
2103,,,,646,GS-470-J-050-PL-R,ALUMINUM ELECTROLYTIC CAPACITOR 22uF 25V 20%
2103,,,,58,NRSA220M25V5X11F,ALUMINUM ELECTROLYTIC CAPACITOR 22uF 25V 20%
2107,,,,180,NULL,CAPACITOR RADIAL ELECTROLTICO XICON XRL35V22
2116,,,,180,512-LM393N ,Comparator ICs Dual Comparator LM393N Fairchild
2116,,,,58,LM393N,LM393 Series Very Low Supply Current Low Power Dua
2118,,,,517,HX25012-2Y,HOUSING HX25012-2Y
2118,,,,661,HX25012-2Y,HOUSING HX25012-2Y
2119,,,,517,NULL,TERMINAL HX25012-PT
2120,,,,517,HX250012-2A,VERTICAL WAFER HX25012-2A
2120,,,,661,HX25013-2A,VERTICAL WAFER HX25013-2A
2142,,,,124,MRE-SQP05J471B,"RESISTOR MRE-SQP05J471B, SQP 5W 5% 470 OHM"
2142,,,,180,280-CR5-470-RC,WIREWOUND RESISTOR 470 OHMS
2144,,,,180,NULL,CARBON FILM RESISTOR ¼W 5% XICON 291-15
2145,,,,180,NULL,CARBON FILM RESISTOR ¼W 5% XICON 291-200
2146,,,,180,291-2K-RC,CARBON FILM RESISTOR ¼W 5% XICON 291-2K
2147,,,,180,NULL,CARBON FILM RESISTOR ¼W 5% XICON 291-4.3
2148,,,,180,NULL,METAL FILM RESISTOR ¼W 1% XICON 271-10.5K
2149,,,,180,NULL,METAL FILM RESISTOR ¼W 1% XICON 271-26K
2150,,,,180,NULL,METAL FILM RESISTOR ¼W 1% XICON 271-6.65K
2151,,,,180,NULL,METAL FILM RESISTOR ¼W 1% XICON 271-9.76K
2152,,,,124,NULL,"METAL FILM RESISTOR, 1/4W, 1% 9K53 OHM"
2152,,,,180,NULL,METAL FILM RESISTOR ¼W 1% XICON 271-95.3
2186,,,,180,NULL,METAL FILM RESISTOR ¼W 1% XICON 271-82K
2187,,,,124,NULL,"CARBON FILM RESISTOR, 1/4W, 5% 9R1 OHM"
2187,,,,180,NULL,METAL FILM RESISTOR ¼W 1% XICON 271-9.1
2188,,,,180,NULL,METAL FILM RESISTOR ¼W 1% XICON 271-33K
2189,,,,180,NULL,METAL FILM RESISTOR ¼W 1% XICON 271-56.2K
2223,,,,101,NULL,IC SCHMITT TRIGGER HEX 14DIP P/N 568-1681-5-ND
2223,,,,180,595-CD40106BE,Inverters Hex Schmitt Trigger CD40106BE 
2224,,,,336,NULL,RELAY ZETTLER AZ980-IC-24D
2225,,,,124,MCN-1003-0035,"Pin Header.  2.54mm, 2*40 Pins, 180 Deg., DIP, PBT"
2228,,,,180,611-SDA06H0BD,DIP SWITCH FLUSH ACT 6 POS 611-SDA06H0BD
2231,,,,58,EL-383GD,Green 5mm 50° Diffused 25mcd 2.1V Round LED Lamp
2233,,,,124,NULL,E/C CAPACITOR 50V470uf 10*20
2233,,,,180,NULL,CAPACITOR RADIAL ELECTROLITICO XICON XRL50V470
2244,,,,393,NULL,ALAMBRE DE COBRE ESMALTADO No. 06 200ºC
2266,,,,111,3255-8,½ HP CHAIN 315MHz CONTRACTOR + LM G1708-8 RAIL
2266,,,,130,NULL,LME 3522 8' CHAIN ½HP W/TRAN
2273,,,,656,TUE1.5,TUBO EMT 1- ½
23137,,,,144,SMG-TADBASIC-FD,PAPEL TOALL SUPER ABSORBENTE 6/1
23202,,,,144,SMG-CF2400-CS,SERVILLETAS C-FOLD/CJ 2400/1
23230,,,,180,942-IR2104PBF,IR2104 600V Half Bridge Driver
23230,,,,58,IR2104,IR2104 600V Half Bridge Driver
23231,,,,180,852-PC817XJ0000F ,Transistor Output Optocoupler PhotocouplerDC Input
23231,,,,58,PC817XJ0000F,PC817 Series 1 Channel 80 V 5000 Vrms General Purp
23244,,,,180,534-8190,SCREW TERMINAL PC-SCREW TYPE TERMINAL
23245,,,,543,PY2EDGCV-5.08-10P,5.08MM PITCH TERMINAL BLOCK 10PIN PY2EDGCV-5.08-10
23246,,,,543,PY2EDG-5.08-10P,5.08MM PITCH TERMINAL BLOCK 10PIN GREEN
23247,,,,543,PY2EDGCV-5.08-2P,5.08MM PITCH TERMINAL BLOCK 2PIN GREEN
23248,,,,543,PY2EDG-5.08-2P,5.08MM PITCH TERMINAL BLOCK 2PIN GREEN
23250,,,,543,PY129-5.08-12P,5.08MM PITCH TERMINAL BLOCK 12PIN GREEN
23258,,,,180,NULL,ELECTROLYTIC CAPACITOR 140-XRL400V10-RC
23260,,,,742,DI08,THRU HOLE DIP SWITCH 8 DIP
23260,,,,124,MSI-D10001EDL108L,"DIP SWITCH MSI-D10001, EDG108L"
23260,,,,180,611-SDA08H0BD,DIP SWITCH FLUSH ACT 8 POS 611-SDA08H0BD
23261,,,,742,DI04,THRU HOLE DIP SWITCH 4 DIP
23261,,,,180,611-SDA04H0BD,DIP SWICTH FLUSH ACT 4 POS 611-SDA04H0BD
23262,,,,124,NULL,HEAT SINK 563002B00M FOR TO-220
23262,,,,180,532-563002B00,Heat Sinks TO-220 VERT 13.0 TR CHANNEL STYLE
23262,,,,58,563002B00000G,TO-220 Package 13.00 C/W Thermal Resistance Integr
23263,,,,180,583-FR154-B,RECTRON RECTIFIERS 1.5A 400V 150ns 583-FR154B
23263,,,,58,RGP15G-E3/54,RGP15G Series 400 V 150 ns Glass Passivated Juncti
23265,,,,58,MV57640,RED 3MM 90° Diffused 2MCD 2V Solid State LED Lamp 
23266,,,,58,SSL-LX3044GD,Green 3 mm 60° Diffused 40 mcd 2.2 V TH LED - T-1
23268,,,,646,KLS7-TS6603-7.3-180,TACK SWITCH PUSH BUTTON TS6602HC
23268,,,,124,MSI-T20005,"TACK SWITCH MSI-T20005, TS6602 (1102A)"
23271,,,,180,268-10K-RC,XICON 1/8W RESISTOR NETWORK 8PIN 268-10K-RC B
23272,,,,124,MRE-RAB08J102B,"MRE-RAB08J102B, 1/8W RES. Network, B style, 8pin 5"
23272,,,,180,268-1.0K-RC,XICON 1/8W RESISTOR NETWORK 8PIN 268-1.0K-RC B 
23273,,,,124,MRE-RAB08G223B,RES NETWORK 22KO 2% B Type 8Pin 8P4R | RESISTOR 
23273,,,,180,268-2.2K-RC,XICON 1/8W RESISTOR NETWORK 8PIN 268-2.2K-RC B
23275,,,,124,MRE-RAA08G102B,"RESISTOR NETWORK 1/8W 10KOHM 8 PIN, RAA08103G"
23275,,,,180,265-10K-RC,XICON 1/8W RESISTOR NETWORK 8PIN 10K 265-10K-RC
23279,,,,124,MCB-250010005,CIRCUIT BREAKER 250V 10A METAL M11*P1.0
23280,,,,124,MAC-2001-0031,"NUT M11, H=METAL HEX NUT, FOR CIRCUIT BREAKER"
23283,,,,58,4527,FUSE HOLDER BASE KEYSTONE 4527
23284,,,,58,4527C,FUSE HOLDER COVER KEYSTONE 4527C
23285,,,,180,KA5M0380RTU,POWER SWITCH 512-KAM0365RTU
23285,,,,58,KA5M0380RTU,KA5M0380R Series 30 V 73 kHz Through Hole Fairchil
23290,,,,451,NULL,ELECTROLYTIC CAPACITOR 2.2UF/50V 5X11 CD26L
23318,,,,656,RG0841,REGISTRO N-1R 08 X 08 X 4
23330,,,,440,NULL,NULL
23440,,,,536,NULL,OSCILLOSCOPE PROBES TEKTRONIK HP-6100
23441,,,,101,NULL,POT 10K OHM 6MM CERM ST 3306F-1-103-ND BOURNS
23441,,,,180,652-3306F-1-103,Trimmer Resistors - Single Turn 10K 25% 6mm Single
23461,,,,180,512-1N4749A,Zener Diodes 24V 1W ZENER 5% 1N4749A
23461,,,,58,1N4749A,1N4749A Series 1.3 W 24 V 200 mA 5 % Tolerance Thr
23463,,,,124,NULL,E/C CAPACITOR 16V100uf 5*11
23463,,,,180,140-XRL16V100-RC,CAP. RADIAL ELECTROLITICO 140-XRL16V100-RC
23463,,,,58,NRSA101M16V6.3X11F,NRSA Series 100uF/16V 20% Radial Mini Aluminum E/C
23487,,,,124,MCA-MEF103K250KB,MEF CAP. 0.01K 250V MCA-MEF103K250KB
23487,,,,180,667-ECQ-E2103KF,POLYESTER FILM CAP. ECQ-E2103KF
23487,,,,58,ECQ-E2103KF,Metallized Polyester Film Capacitor 250V 0.01uF
23488,,,,58,NRM104K250F,Polyester Film Capacitor MMR Series 250V 0.1uF 
23521,,,,543,FD-10P,FD CONNECTOR 2.54mm PITCH FE-10P DIP
23521,,,,124,MCN-1007-0008,SOCKET 1001-10CB1 10 CIRCUITOS MCN-1007-0008
23522,,,,124,MCN-3001-0025,"CONECTOR MCN-3001-0025, VF5.5-5 (VR5-5)"
23524,,,,101,CR315-ND,FINGER GUARD 120MM PLASTIC THIN - 09122-G CR315-ND
23524,,,,58,SC120-P10,FAN GUARD SC Series 120 mm Plastic SC120-P10
23525,,,,646,KLS7-013A10111BB,"ROCKER SWITCH 6AMP, JS6006AQBB3H"
23527,,,,646,KLS4-PT10-M-H2.5-502,PT10 10.3 Trimmer Potentiometers With No.2  SHAFT 
23527,,,,124,MPO-RH502004,Rotary Potentiometer.5K OHMS With Shaft=15.2mm
23528,,,,646,KLS4-PT10-M-H2.5-203,PT10 10.3 Trimmer Potentiometers With No.2  SHAFT 
23528,,,,124,MPO-RH203004,Rotary Potentiometer. 20K OHMS With Shaft=15.2mm
2353,,,,16,NULL,NULL
23532,,,,124,MAC-3001-0007,LED HOLDER FOR 5MM LED 7*6.2MM BLACK NYLON 66
23545,,,,180,863-MPSA92G ,Bipolar Small Signal 500mA 300V PNP 
23545,,,,58,MPSA92RLRAG,MPSA Series PNP 625 mW 60V 1.2 A Through Hole
23552,,,,124,MAC-3001-00012,LED HOLDER FOR 5MM LED 6.0*7.5MM NATURE LEK4-3T
23557,,,,58,STP80NF10,"MOSFET 100V, 80A STMICRO STP80NF10"
23563,,,,641,H001-000320,A1321 HEATER 900M/900L/907/908/913/914
23565,,,,641,H001-000407,B1786 ENCLOSURE TIP 900M/907/913/
2357,,,,124,NULL,E/C CAPACITOR 35V10uf 5*11
2357,,,,58,NULL,Electrolytic Capacitor NRSA100M35V5x11F
23571,,,,180,NULL,CARBON FILM RESISTOR ¼W 5% XICON  291-1.5
23639,,,,697,LC1258EENP,Switch Push Button Plunger 0.3A 30VDC Latching 
23639,,,,124,MSI-P40002,PUSH BUTTON SWITCH SPDT (SW-LC1258EENP-LC1258ENP)
23675,,,,144,NULL,SERVILLETA DISPENSER 10/400 FARDO
23680,,,,124,MCB-250015002,CIRCUIT BREAKER 250V 15A METAL M11*P1.0
23681,,,,124,MCB-250020001,CIRCUIT BREAKER 250V ZE-700S-MH-250V-20A
23729,,,,336,AZ767-1A-24DE,RELAY AZ767-1A-24DE
23729,,,,58,AZ767-1A-24D,AZ767 Series 10 A SPST 24 VDC PCB Mount Subminiatu
23735,,,,124,NULL,NULL
23735,,,,180,NULL,NULL
23735,,,,58,NULL,NULL
23749,,,,232,NULL,FOTOCELLULA DI SICUREZZA X ESTERNO MOD. 703A-12/24
23754,,,,841,NULL,ALUMINUM ALLOY STANDOFF OUTTER DIM 6.42MM L19MM
23755,,,,841,NULL,M3X8.5 PAN HEAD PHILIPS DRIVER SCREW ZINC PLATED
23761,,,,276,X33-08I,MULTICORE X33-08I NO CLEAN FLUX
23803,,,,124,MAC-1004-0023,"8mm, ULvw-1(125'C), Black, 100M/R"
23816,,,,249,N9204,REGLETA  NY 25 MM2 - 12P
23819,,,,233,1276/6,ROCCHETTO NYL 45X70X67
23820,,,,233,1281,ROCCHETTO NYL 50X80X75
23822,,,,233,1287,ROCCHETTO NYL 60X90X90
23824,,,,233,1288.1,ROCCHETTO NYL 60X120X90
23868,,,,180,270-5.1K-RC,METAL FILM RESISTOR 1/8W 5% 270-5.1K-RC
23871,,,,180,270-1K-RC,Metal Film Resistors Through Hole 1Kohms 1% 50PP
23872,,,,180,299-4.7K-RC,CARBON FILM RESISTOR 1/8W 5%
23926,,,,425,IP56,METALLIC WATER PROOF ENCLOSURE 800x600x250 W/KEY L
23934,,,,57,EQ19999,"CHAPA PARA FIJAR BASE CAL12, GALVANIZADA 228MMX33M"
23938,,,,841,NULL,M10X86.69 DOUBLE HEAD SCREW ROD
23939,,,,841,NULL,M10 PLAIN WASHER S.T.4.8 CARBON STEEL
23940,,,,841,NULL,M10X1.25 HEX NUT PLAINT CARBON STEEL
23958,,,,180,801-DPT-100,Soldering Tools Desold Pump Tips
23962,,,,623,HBX 1212-1512,"BASE, TAPA, SOPORTE ABANICO, COVER "
23963,,,,623,HBX2024-2534-3524,"BASE, TAPA, SOPORTE, COVER 2024-2534-3524"
23987,,,,150,NULL,DG15HSWP-1.2-12P-17-OOA (B507019)
2400,,,,130,NULL,DOOR STFDS MEX 1000X070 44 TW STRATFORD 1000
2401,,,,130,NULL,DOOR STFDS 1200X080 55 TW STRATFORD 1000
24062,,,,124,MAC-1004-0010,HEAT SHRINKABLE TUBE 3MM ULVW-1 125C BLACK 200M/R
24063,,,,124,MAC-1004-0021,HEAT SHRINKABLE TUBE 6MM ULVW-1 125C BLACK 200M/R
24065,,,,124,MAC-1004-0031,Heat Shrinkable Tube 13mm ULvw-1 125C Black 100M/R
24069,,,,124,MAC-1004-0026,"10mm, ULvw-1(125'C), Black, 100M/R"
24080,,,,180,NULL,RESISTOR 5W XICON 280-CR5-470
24115,,,,623,M9534-SF5 ASSY,"M9534-SF5 ASSY,6.SOPORTE DE BASE HBX"
24118,,,,114,NULL,RETAPA 19 3/4X 14 1/2   175C
24132,,,,631,MC9S08AW32CFUE,IC 8BIT MCU HCS08 40MHZ QFP-64 CONTROLLER
24132,,,,180,841-MC9S08AW32CFUE,IC 8BIT MCU HCS08 40MHZ QFP-64 CONTROLLER
24154,,,,238,NULL,ALPHA SOLDER WIRE 60/40 .062 P2 5# SPOOLS 110153
24158,,,,543,IDC254-06-16P,2.54MM PITCH IDC CONNECTOR 16PIN DIP BLACK
24158,,,,124,NULL,SOCKET 1001-16CB1 16 CIRCUITOS MCN-1007-0007
24173,,,,124,MAC-8002-0009,"Plastic Cap.   Black, Round, 5*9mm, AP22909-BR"
24221,,,,131,NULL,CCGR-2A RECEIVER
24246,,,,188,B1786,Replacement TIP Enclosure for Hakko 936
24259,,,,180,66-CVW5R100JLF,IRC WIREWOUND RESISTOR 5WATTS 10OHMS 5%
24270,,,,398,NULL,MOTORE HERCULES 500 STAGNOLI SH500241110V-01
24288,,,,423,FUYANG-22221000,STEEL GEAR RACK 22x22x1000MM 3 BOLTS AN NUTS
24325,,,,180,NULL,RECTIFIERS BRIDGE 25A 512-GBPC2501W FAIRCHILD
24329,,,,180,299-470-RC,RESISTOR 1/8 WATTS 5% PN 299-470 RC 470OHMS
24332,,,,180,270-1.5K-RC,METAL FILM RESISTOR 1% 270-1.5K-RC
24397,,,,180,512-H11AA4M,Transistor Output Optocouplers 6-PIN DIP 
24397,,,,58,H11AA4,DIP6 SMT Single Channel 30 V 7500 VAC (PK) Phototr
24402,,,,180,140-XRL350V33-RC,ELECTROLYTIC CAPACITOR 140-XRL350V33-RC
24402,,,,58,UCS2V330MHD,ELECTROLYTIC CAPACITOR UCS2V330MHD
24403,,,,58,MPY63V103,Metallized Polyester Film Cap. 63V 0.01uF
24411,,,,180,270-2.4K-RC,METAL FILM RESISTOR THROUGH HOLE 1/8W 1% 2.4K
24417,,,,180,576-V10E275P,Radial Lead Varistor 350VDC 275V RMS 710V 
24417,,,,58,V10E275P,Radial Lead Varistor 350VDC 275V RMS 710V  
24424,,,,393,T2R08ND7700912,ALAMBRE CLASE H 200ºC DOBLE CAPA 19AWG 0.912MM
24425,,,,393,T2R08ND7700813,ALAMBRE CLASE H 200ºC DOBLE CAPA 20AWG 0.813MM
24467,,,,58,NULL,RADIAL ELECT CAPACITOR 1000uF/35V 108CKR035M
24469,,,,180,271-76.8K-RC,Metal Film Resistors Through Hole 76.8Kohms 1%50PP
24509,,,,393,T2R08ND7600574,ALAMBRE CLASE H 200ºC DOBLE CAPA 23AWG 0.574MM
24510,,,,393,T2R08ND7600511,ALAMBRE CLASE H 200ºC DOBLE CAPA 24AWG 0.511MM
24511,,,,393,T2R08ND7600455,ALAMBRE CLASE H 200ºC DOBLE CAPA 25AWG 0.455MM
24512,,,,393,T2R08ND7600404,ALAMBRE CLASE H 200ºC DOBLE CAPA 26AWG 0.404MM
24513,,,,393,T2R08ND7600361,ALAMBRE CLASE H 200ºC DOBLE CAPA 27AWG 0.361MM
24514,,,,393,T2R08ND7600320,ALAMBRE CLASE H 200ºC DOBLE CAPA 28AWG 0.320MM
24515,,,,393,NULL,ALAMBRE DE COBRE ESMALTADO No.05 180ºC
24516,,,,393,NULL,ALAMBRE DE COBRE ESMALTADO No.06 180ºC
24517,,,,393,NULL,ALAMBRE DE COBRE ESMALTADO No. 11 180ºC
24518,,,,393,T2R08ND7600287,ALAMBRE CLASE H 200ºC DOBLE CAPA 29AWG 0.287MM
24519,,,,393,T2R08ND7500254,ALAMBRE CLASE H 200ºC DOBLE CAPA 30AWG 0.254MM
24520,,,,393,T2R08ND7500226,ALAMBRE CLASE H 200ºC DOBLE CAPA 31AWG 0.226MM
24521,,,,393,T2R08ND7500203,ALAMBRE CLASE H 200ºC DOBLE CAPA 32AWG 0.203MM
24522,,,,393,T2R08ND7500180,ALAMBRE CLASE H 200ºC DOBLE CAPA 33AWG 0.180MM
24544,,,,130,NKPD3Q4315,MINI TRANSMITTER 4 CHANNEL MODEL M3 2314
24921,,,,438,NULL,TRANSFORMER LAMINATION EI 152.4 50A1300 M43 NA
24921,,,,458,NULL,"TRANSFORMER LAMINATION EI M530 50A (2,3) COL 50"
24922,,,,438,NULL,TRANSFORMER LAMINATION EI 181.20 50A1300 M43 NA
24922,,,,458,NULL,"TRANAFORMER LAMINATION EI M530 50A (2,3) COL 60"
24935,,,,144,SMG-JTJPREM-CS,PAPEL JUMBO JUNIOR PLY 12/1
24944,,,,438,NULL,TRANSFORMER LAMINATION EI 133.2 50A1300 M43 NA
24944,,,,458,NULL,"TRANSFORMER LAMINATION EI M530 50A (2,3) COL 45"
24944,,,,667,133.2,EI LAMINATION 133.2
25011,,,,130,NULL,DOOR STDS 1200X080 65TW STRATFORD 1000 FLUSH PANEL
25041,,,,130,NULL,DOOR STRAT 1000 1000X0700 SHORT PANEL TW
25042,,,,130,NULL,DOOR STRAT 3000 1600X0800 MEX TW
25043,,,,130,NULL,DOOR STRAT 3000 1800X0800 MEX TW
25044,,,,130,NULL,DOOR SECTION 0800X21 25P RR INT TW S3 MEX 
25050,,,,451,NULL,ELECTROLYTIC CAPACITOR 47UF/50V 6X11 CD26L
25050,,,,58,NRSA470M50V6.3x11F,CAPACITOR 47uF/50V NRSA470M50V6.3x11F
25056,,,,58,NRSA471M50V12.5X20F,RADIAL E. CAPACITOR 470uF/50V NRSA471M50V12.5x20F
25108,,,,124,NULL,INVERSOR WAVE SW 5.5K 48VDC 110VAC
25172,,,,58,IR2110PBF,500V 2.5A 20V Supply Dual High/Low Side DriverPDIP
25178,,,,451,NULL,ELECTROLYTIC CAPACITOR 10UF/50V 5X11 CD26L
25178,,,,646,GS-100-J050-PL-R,ALUMINUM ELECTROLYTIC CAPACITOR 10uF 50V 20%
25178,,,,58,SK050M0010AZF-0511,ALUMINUM ELECTROLYTIC CAPACITOR 10uF 50V 20%
25190,,,,495,NULL,ETIQUETA POWERGATE UNIVERSAL (4 1/2 X 2)
25195,,,,486,PE201017,INDUCTOR B0211-03
25195,,,,502,FAPE201017,TRANSFORMER
25205,,,,180,NULL,ELECTROLYTIC CAPACITOR 140-XRL350V10-RC
25205,,,,58,NULL,ELECTROLYTIC CAPACITOR 106CKR350MSA
25206,,,,508,ES3357,COMAIR ROTRON MC48B6NDNX MUFFIN DC ES3357
25216,,,,464,NULL,ECRT-3 HCS-101 TRANSMITTER 
25217,,,,464,NULL,ECGR-1 RECEIVER
25218,,,,464,NULL,HCS-101 DECODER RECEIVER
25219,,,,464,NULL,FIXED CODE DECODER RECEIVER
25221,,,,180,512-KA5M0380RTU,KA5M0380R Series 30V 73 kHz Through Hole Fairchild
25221,,,,58,KA5M0380RTU,KA5M0380R Series 30V 73 kHz Through Hole Fairchild
25226,,,,451,NULL,ELECTROLYTIC CAPACITOR 470UF/63V 12X25 CD26L
25226,,,,180,140-REA471M1HBK1320P,Aluminum Electrolytic Cap 50V 470uF 20% 12.5x20mm 
25226,,,,58,NRWA471M50V12.5X20F,NRWA Series 470 uF 50 V 20 % Radial Miniature Alum
25227,,,,846,ECS1JBZ682MLA350035,"CD293, 6800uf/35V, 35X35"
25238,,,,180,565-5519A,DIGITAL MULTIMETER REPL TEST LEAD SET
25243,,,,423,NULL,GATE OPENER RELEASE LEVA COMPLETE W/KEY AND CLIP
25244,,,,423,NULL,LSJJ OUTPUT GEAR POWERGATE
25245,,,,423,NULL,LSJJ18 ALUMINUM MOTOR COVER READY WINDING 110V
25246,,,,423,NULL,LSJJ21 ALUMINUM MOTOR COVER READY WINDING 110V
25247,,,,423,NULL,PLASTIC BASE FOR SPRING LIMIT SWITCH
25255,,,,423,NULL,SPRING LIMIT SWITCH
25278,,,,248,1414-16,Rollo 24/4 (1000') Cat 5 UTP
25358,,,,58,3-1393209-1,T90 SERIES 20A SPDT 24VDC 3-1393209-1 TH GP RELAY
25359,,,,58,832A-1C-S-12VDC-VDE,832 SERIES SPDT TH P_RELAY 832A-1C-S-12VDC-VDE 
25360,,,,180,NULL,INDUSTRIAL RELAY SPDT 30A 12VDC 893-832A1CFS12VDC
25386,,,,180,863-MC33167TVG,"Switching Converters, Regulators & Controllers 40V"
25386,,,,58,MC33167TVG,MC33167 5 A 72 kHz Switching Regulator - TO-220-5
25415,,,,543,FH18218S1111,2.54MM PITCH FEMALE HEADER 2X9P
25416,,,,543,BOX52180RA00AU1,2.54MM PITCH BOX HEADER CONNECTOR2X9P 0.8U Au R/A
25417,,,,543,BOX52060ST00AU1,BOX HEADER CONNECTOR PBT 0.8U Au S/T 2X3P
25418,,,,543,BOX52160ST00AUI,2.54MM PITCH BOX HEADER 2X8P
25419,,,,543,BOX52100ST00AU1,BOX HEADER CONNECTOR PBT 0.8U Au S/T 2X5P
25421,,,,544,PC847,PC847 SHARP DIP 16
25469,,,,742,DI02,TRUE HOLE DIP SWITCH 2 DIP
25469,,,,180,611-SDA02H0BD,DIP SWITCH FLUSH ACT 2 POS 611-SDA02H0BD
25471,,,,131,NULL,TRANSMITTER CCDR-5
25472,,,,131,NULL,TRANSMITTER ET-4008
25477,,,,180,280-CR5-0.33-RC,WIREWOUND RESISTOR 0.33OHMS
25480,,,,180,280-PRM5-10-RC,Wirewound Resistors 280-PRM5-10-RC
25481,,,,591,JQX-14FC-1C-Z,RELAY JQX-14FC-1C-Z-16A-DC24V-0.53-5 CLEAR CASE
25481,,,,180,893-793P1CS24VDC, MINI PCB PWR RELAY SPDT 16A 24VDC 893-793P1CS24VD
25481,,,,58,793P-1C-S-24VDC ,793 Series 16A SPDT 24VDC Through Hole Relay      
25512,,,,393,VI50N0024,BARNIZ ELECTROAISLANTE SM-230/AR
25514,,,,393,VI46N0024,BARNIZ ELECTROAISLANTE SM-206/AR
25525,,,,486,T74030-24V,POWER FERRITE TRANSFORMER
256,,,,180,NULL,EPOXY COMPOUNDS CONFORMAL COATING 590-419B-340G
25608,,,,180,590-8341-10ML,"Solder, Fluxes & Accessories NO CLEAN FLUX PASTE 1"
25612,,,,180,863-UC2843BD1G ,Current Mode PWM Controllers 52kHz 1A w/96% Duty C
25613,,,,180,595-UC2843N ,Current Mode PWM Controllers Current Mode 
25614,,,,58,LM5020MM-1/NOPB ,LM5020 Series 700 KHz 100V SMT Current Mode PWM Co
25646,,,,58,IRF840PBF ,Sing N-Channel 500V 0.85Ohm Flange Mount Power Mos
25647,,,,58,IRF830PBF,Single N-Channel 500V 1.5Ohm Flange Mount Power Mo
25662,,,,180,942-IRF8010PBF ,MOSFET MOSFT 100V 80A 15mOhm 81nC 
25662,,,,58,IRF8010PBF,Single N-Channel 100V 260W 81nC Power Mosfet Flang
25684,,,,492,NULL,"ZEBRA Z-4000D (3.00""X1.00"") 2.340 LABELS PER ROLL"
25726,,,,180,538-87630-1001,DDR3 / DDR2 / DDR Connectors VERT DIMM SKT 100P
25784,,,,621,NULL,GEAR RACK M4 22X22X1005MM
25789,,,,423,LSJJ-21,SLIDING GATE OPERATOR 120V 60Hz
25790,,,,423,LSJJ-18,SLIDING GATE OPERATOR 120V 60Hz
25834,,,,587,IR1000W,PURE SINE WAVE OUTPUT INVERTER 1000W 12VDC 120VAC 
25835,,,,587,IR2000W,PURE SINE WAVE OUTPUT INVERTER 2000W 24VDC 120VAC 
25835,,,,604,EP302524,PURE SINE WAVE INVERTER 2.5W24VDC 120VAC
25836,,,,587,IR3000W,PURE SINE WAVE OUTPUT INVERTER 3000W 24VDC 120VAC 
25836,,,,604,EP303524,PURE SINE WAVE INVERTER 3.5W24VDC 120VAC
25837,,,,587,IR5000W,PURE SINE WAVE OUTPUT INVERTER 5000W 48VDC 120VAC 
25838,,,,604,EP305048,PURE SINE WAVE INVERTER 5KW48VDC 240VAC
25839,,,,604,EP306048,PURE SINE WAVE INVERTER 6KW48VDC 240VAC
25840,,,,604,EP301512,PURE SINE WAVE INVERTER 1.5W12VDC 120VAC
25852,,,,248,10491,KIT EXPANSION DE RED AC-215 P/2 PUERTAS ACK02SL
25887,,,,646,SQM-5W-47,CEMENT RESISTOR SQP 5W 5% 47 OHM
25942,,,,180,630-HCPL-T250-000E,Logic Output Optocouplers 1.5A IGBT Gate Drive
25953,,,,239,B00051J4VSC,.65 IN ROUND BLACK TINTED HOLOG SEQUENTIALLY
25967,,,,180,291-47-RC,CARBON FILM RESISTOR ¼W 5% XICON 291-47-RC
26013,,,,629,ET-RXB-8,ASK RECEIVER 433.92 MHz
26045,,,,764,NULL,TX NEW CLONER AND MULTI 300-868 MHZ
26050,,,,639,QN-RD009,REMOTE CONTROL DUPLICATOR 433.92MHz BFT
26051,,,,639,QN-RD009,"REMOTE CONTROL DUPLICATOR 433.92MHz NICE, DITEC V2"
26052,,,,639,QN-RD009,REMOTE CONTROL DUPLICATOR 433.92MHz FIXED CODE
26053,,,,639,QN-RD173,REMOTE CONTROL DUPLICATOR 433.92MHz FIXED CODE
26054,,,,639,QN-RS039,REMOTE CONTROL DUPLICATOR 433.92MHz BENINCA
26075,,,,656,TUE1,"TUBO EMT 1"""
26128,,,,423,NULL,LSJJ-18 CLUTCH KIT ACCESSORIES
26129,,,,423,NULL,LSJJ-21 CLUTCH KIT ACCESSORIES
26130,,,,423,NULL,LSJJ-18 OIL SCREW
26131,,,,423,NULL,LSJJ-21 OIL SCREW
26132,,,,423,NULL,RUBBER BAND FOR LSJJ-18 MOTOR
26133,,,,423,NULL,RUBBER BAND FOR LSJJ-21 MOTOR
26179,,,,684,LW-E-9438,BAKELITE PADS 11MMX23MMX3MM
26284,,,,656,CE1T,"CONECTOR EMT 1"" TOPAZ"
26289,,,,623,TRION SERIE RV04,"BASE TRION, TAPA TRION"
26290,,,,623,TRION SERIE RV04,"BASE TRION, TAPA TRION"
26293,,,,656,RPL8X4CN,REGISTRO PLASTICO 10X08X04 C/NOCKOUT
263-100-RC,,,,180,263-100-RC,Thick Film Resistors - SMD 1/8W 100OHMS 5%
263-10M-RC,,,,180,263-10M-RC,Thick Film Resistors - SMD 1/8W 10M OHMS 5%
263-10M-RC,,,,58,RC1206JR-0710ML,Thick Film Resistors - SMD 1/8W 10M OHMS 5%
263-150K-RC,,,,180,263-150K-RC,Thick Film Resistors - SMD 1/8W 150KOHMS
263-150K-RC,,,,58,RC1206JR-07150KL,Thick Film Resistors - SMD 1/8W 150KOHMS
263-43K-RC,,,,180,263-43K-RC,Thick Film Resistors - SMD 1/8W 43KOHMS 5%
263-43K-RC,,,,58,RC1206FR-0743KL,Thick Film Resistors - SMD 1/8W 43KOHMS 5%
263-470-RC,,,,180,263-470-RC,Thick Film Resistors - SMD 1/8W 470OHMS
263-470-RC,,,,58,RC1206JR-07470RL,Thick Film Resistors - SMD 1/8W 470OHMS
26304,,,,543,BOX52200ST00AU1,2.54 PITCH BOX HEADER CONNECTOR 2X10P 0.8U Au ST
26353,,,,692,PC817X7NSZ0F,SHARP TRANSISTOR OUTPUT OPTOCOUPLER
26353,,,,180,852-PC817X0NSZ0F,SHARP TRANSISTOR OUTPUT OPTOCOUPLER
26354,,,,692,KA5M0380RYDTU,FAIRCHILD POWER SWITCH ICs POWER DISTRIBUTION
26354,,,,180,512-KA5M0380RYDTU,FAIRCHILD POWER SWITCH ICs POWER DISTRIBUTION
26357,,,,91,360648021188,NSYCRN75250 CAJA METAL 700X500X250
26358,,,,91,360648518341,NSYMM75 PLACA MONT. METAL 700X500
26440,,,,746,PRS3030,SOLAR CHARGER CONTROLLER
26442,,,,384,WMZD1C15,BREAKER EATON WMZD1C15 UL489MCB 15AMP 1P DC 10KAIC
26465,,,,851,1,CAJA DE BREAKER 16C 3PH SQUARE-D
26476,,,,754,CS-31349,SMA SUNNY BOY 7000TLUS-12 7.0KW INVERTER
26519,,,,754,CS-31349,SMA SUNNY BOY 7000TLUS-12 7.0 KW INVERTER
26540,,,,261,EDCCFMG321P68B,CONECTOR P/CABLE 32MM NEG D/E
26578,,,,101,425-2766-ND,OPTOISOLATOR 5KV TRANS 4 DIP
26578,,,,180,852-PC817X4NSZ0F,SHARP TRANSISTOR OPTOCOUPLER PC817X4NSZ0F
26587,,,,629,ET-RXB-8,ASK RECEIVER 433.92 MHz
26587,,,,858,AG-RXB-8,ASK RECEIVER 433.92 MHz SUPERHETERODYME MODULE
26632,,,,851,1,ALAMBRE 2 (25MM) THHN VERDE/AMARILLO
26633,,,,851,ALS50M,ALAMBRE 2/0 950MM) THHN
26702,,,,754,CS-33577,SMA SUNNY BOY 8000TLUS-12 8.0KW INVERTER
26703,,,,754,CS-654,SMA SUNNY WEB BOX
26897,,,,851,1,BREAKER SQUARE-D 60/1
26898,,,,855,7141050003,FLOTA SWITCH P/COMB. MAD-003 (GRANDE)
26899,,,,855,6230108004,RED. COPA H N ½ PULGADA X ¼ PULGADA
26900,,,,855,90000001,"NIPLE H N ½"" X 55"""
271-200-RC,,,,180,271-200-RC,Metal Film Resistors - Through Hole 200ohms 1% 50P
286294,,,,124,MRL-1C024D15,RELAY 982-1C-24D MRL-1C024D015
297,,,,130,NULL,CASCADE S TW TRIM 1PC
299-2.2K-RC,,,,180,299-2.2K-RC,CARBON FILM RESISTOR 299-2.2K-RC
299-33K-RC,,,,180,299-33K/REEL-RC,CARBON FILM RESISTOR 1/8W 5% 299-33K/REEL-RC
2KBP08M-E4/51,,,,180,512-2KBP08M ,Bridge Rectifiers 800V 2A BRIDGE 
2KBP08M-E4/51,,,,58,2KBP08M-E4/51,2KBP08M Series 800 V 60 A Glass Passivated Single-
2KBP10M-E4/45,,,,180,625-2KBP10M-E4,Rectificador En Puente 2.0 Amp 1000 Volt 
30320-6002HB,,,,180,517-30320-6002 ,Headers & Wire Housings 20P STRT 4WALL GLDFL
30326-6002HB,,,,180,517-30326-6002,Headers & Wire Housings 26P STRT 4WALL GLDFL
307,,,,124,MLE-D01001,"LED DIP Red/Yellow, Round (White Diffused), 5mm"
307,,,,180,593-VAOB-5GACE2-C,Standard LED Through Hole Red/Yelllow Diffused
311,,,,440,R-LAMP25W,LAMPADA INCAND.25W
323,,,,58,IRF3710,"MOSFET 100V, 57A IRF3710 "
421,,,,130,NULL,DOOR SECTION 0800X21 25P RR INT TW SHORT
429,,,,393,T2R08ND7802304,ALAMBRE CLASE H 200ºC DOBLE CAPA 11AWG 2.304MM
430,,,,393,T2R08ND7802052,ALAMBRE CLASE H 200ºC DOBLE CAPA 12AWG 2.052MM
431,,,,393,T2R08ND7801829,ALAMBRE CLASE H 200ºC DOBLE CAPA 13AWG 1.829MM
432,,,,393,T2R08ND7701628,ALAMBRE CLASE H 200ºC DOBLE CAPA 14AWG 1.628MM
433,,,,393,T2R08ND7701450,ALAMBRE CLASE H 200ºC DOBLE CAPA 15AWG 1.450MM
434,,,,393,T2R08ND7701290,ALAMBRE CLASE H 200ºC DOBLE CAPA 16AWG 1.290MM
435,,,,393,T2R08ND7701151,ALAMBRE CLASE H 200ºC DOBLE CAPA 17AWG 1.151MM
436,,,,393,T2R08ND7701024,ALAMBRE CLASE H 200ºC DOBLE CAPA 18AWG 1.024MM
437,,,,393,T2R08ND7700643,ALAMBRE CLASE H 200ºC DOBLE CAPA 22AWG 0.643MM
438,,,,393,T2R08ND7700724,ALAMBRE CLASE H 200ºC DOBLE CAPA 21AWG 0.724MM
439,,,,393,T2R08ND7802906,ALAMBRE CLASE H 200ºC DOBLE CAPA 09AWG 2.906MM
452,,,,180,NULL,METAL FILM RESISTOR ¼W 1% XICON 271-1.1K
459,,,,16,NULL,NULL
482,,,,180,NULL,CARBON FILM RESISTOR ¼W 5% XICON 291-750
491,,,,393,T2R08ND7802588,ALAMBRE CLASE H 200ºC DOBLE CAPA 10AWG 2.588MM
549,,,,123,1073,NULL
549,,,,16,NULL,NULL
549,,,,40,NULL,NULL
602,,,,467,C09-04-089,FOR 12FT x 8ft SIZE SINGLE GARAGE DOOR
631,,,,180,532-251,AAVID THERMALLIY CHEMICALS
633,,,,180,NULL,METAL FILM RESISTOR ¼W 1% XICON 271-267
646,,,,130,NULL,11'11 X 20GA STRUT 33KSI
71-CRCW1206-1.0K ,,,,180,71-CRCW1206-1.0K-E3,Thick Film Resistors - SMD 1/4watt 1.0Kohms 1%
724,,,,393,NULL,ALAMBRE DE COBRE ESMALTADO No. 4 200ºC
757,,,,238,NULL,ALPHA SOLDER WIRE 60/40 .032 P2 1# SPOOLS 110141
787,,,,623,ESF-3,"ASSY, PWM 512-1524"
788,,,,623,PWM-2024/3524,"BASE PWM, TAPA PWM"
790,,,,130,NULL,DOOR STFDS MEX 1600X080 75 TW STRATFORD 1000
808,,,,124,NULL,TERMINAL SC16-6 (MCN-3004-009)
811,,,,180,NULL,CAPACITOR RADIAL ELECTROLITICO XICON   XRL25V2.2
824,,,,124,MLE-D03002,"LED DIP Green/Yellow, Round (White Diffused) 5mm"
825,,,,58,MV5053,RED 5MM 80° Diffused 0.5MCD 2.2V Solid State LED L
826,,,,101,MOC3021QT-ND,TRIAC OPTOISOLATOR MOC3021QT-ND
826,,,,180,512-MOC3021M ,Output Optocouplers DIP-6 NON-ZERO TRIAC  MOC3021M
826,,,,58,MOC3021M,DIP6 SMT 1 Channel 400V 7500V TRIAC MOC3021M
830,,,,180,NULL,CAPACITOR RADIAL ELECTROLITICO NICHICON XRL35V1000
831,,,,124,NULL,NULL
831,,,,180,NULL,NULL
831,,,,58,NULL,NULL
832,,,,180,NULL,CAPACITOR RADIAL ELECTROLITICO XICON XRL100V100
835,,,,180,NULL,ELECTROLYTIC CAPACITOR 140-XRL50V2.2
837,,,,451,NULL,ELECTROLYTIC CAPACITOR 4.7UF/50V 5X11 CD26L
837,,,,180,NULL,CAPACITOR RADIAL ELECTROLITICO XICON XRL50V4.7
837,,,,58,NULL,CAPACITOR 4.7uF/50V NRSA4R7M50V5x11F
838,,,,180,NULL,CAPACITOR RADIAL ELECTROLITICO XICON   XRL25V470
845,,,,180,NULL,CAPACITOR RADIAL ELECTROLITICO XICON   XRL250V.82K
846,,,,124,NULL,E/C CAPACITOR 35V47uf 6*11
846,,,,180,NULL,CAPACITOR RADIAL ELECTROLITICO XICON XRL35V47
846,,,,58,NULL,RADIAL E. CAPACITOR 47uF/35V NRSA470M35V6.3x11F
847,,,,180,NULL,CAPACITOR RADIAL ELECTROLITICO XICON   XRL252V.022
848,,,,180,NULL,CAPACITOR RADIAL ELECTROLITICO XICON   XRL250V.082
849,,,,180,NULL,CAPACITOR RADIAL ELECTROLITICO XICON 250V.1K
850,,,,180,NULL,CAPACITOR RADIAL ELECTROLITICO XICON 250V.22K
851,,,,180,NULL,CAPACITOR RADIAL ELECTROLITICO XICO   XRL250V4.7K
854,,,,180,NULL,CAPACITOR RADIAL ELECTROLITICO XICON 250V.47K
859,,,,180,NULL,CAPACITOR RADIAL ELECTROLITICO XICON XRL50V/100
860,,,,180,,CAPACITOR RADIAL  ELECTROLITICO XICON XRL16V1000
861,,,,180,NULL,CAPACITOR RADIAL ELECTROLITICO XICON   XRL16V22
862,,,,180,NULL,CAPACITOR RADIAL ELECTROLITICO XICON   XRL35V470
863,,,,180,XRL16V470,CAPACITOR RADIAL ELECTROLITICO XICON XRL16V470
863,,,,58,NRSZ471M16V10X16F,NRSZ Series 470uF 16V 20% Radial Electrolytic Cap
864,,,,180,NULL,CAPACITOR RADIAL ELECTROLITICO XICON   XRL250V1
865,,,,180,NULL,CAPACITOR RADIAL ELECTROLITICO XICON XRL250V6.8
865-1030-1,,,,735,RNW86510301,CONTROLADOR SOLAR SCHNEIDER XW MPPT-150-60
866,,,,180,NULL,CAPACITOR RADIAL ELECTROLITICO XICON   XRL25V200
867,,,,180,NULL,CAPACITOR RADIAL  ELECTROLITICO XICON XRL25V2200
868,,,,180,NULL,CAPACITOR RADIAL ELECTROLITICO XICON XRL25V47
870,,,,124,NULL,"ELECTROLYTIC CAPACITOR 100mF, 35V, 8*12"
870,,,,180,140-XRL35V100-RC,CAPACITOR RADIAL ELECTROLITICO XICON XRL35V100
870,,,,58,SK035M0100B3F-0811,ALUMINUM ELECTROLYTIC CAPACITOR 100uF/35V
871,,,,180,NULL,CAPACITOR RADIAL ELECTROLITICO XICON   XRL35V2.2
872,,,,180,NULL,CAPACITOR RADIAL ELECTROLITICO XICON XRL35V220
874,,,,180,NULL,CAPACITOR RADIAL ELECTROLITICO XICON   XRL50V220
875,,,,180,NULL,CAPACITOR RADIAL  ELECTROLITICO XICON WRL50V2200
876,,,,180,NULL,CAPACITOR RADIAL  ELECTROLITICO XICON XRL63V1200
877,,,,451,NULL,ELECTROLYTIC CAPACITOR 220UF/63V 10X20 CD26L
877,,,,124,NULL,E/C CAPACITOR 63V220uf 10*15
877,,,,180,140-REA221M1JBK1016P,CAPACITOR RADIAL ELECTROLITICO 140-REA221M1JBK1016
877,,,,58,NRSA221M63V10X20F,NRSA Series 220uF 63V 20% Radial Mini Aluminum E/C
878,,,,180,595-CD4001BE,Gates (AND / NAND / OR / NOR) CMOS Quad 2-In 
878,,,,58, HCF4001BEY,4000 Series 3_ 20V Quad NOR Gate TH PDIP-14
879,,,,180,595-CD4081BE,4000 Series High Speed CMOS 5 V 14 DIP Through Hol
879,,,,58,HFC4081BEY,CIRCUITO INTEGRADO COMPUERTA HCF4081BEY (STM)
880,,,,180,595-LM324N,Op Amps Quad 595-LM324N
880,,,,58,LM324N,LM324A Series 1.5 mV Input Offset Quad Operational
881,,,,180,512-LM339N ,Comparator ICs Quad Comparator 
881,,,,58,LM339AN,LM339 DIP14 Very Low Supply Current Low Power Quad
882,,,,180,511-NE555N,Timers & Support Products General Purp Single
882,,,,58,LM555CN,NE555 SERIES 16V 500KHz TH SINGLE BIPOLAR TIMER
885,,,,58,LM358N,LM358 Series 30V 1.1MHz Low Power Dual Operation
886,,,,180,595-SG3524N,Voltage Mode PWM Controllers Regulating Pulse Widt
886,,,,58,SG3524N,CIRCUITO INT. PWM CONTROLADOR ST SG3524N  (TI)
888,,,,180,512-1N4148,Rectifiers 100V Io/200mA BULK
888,,,,58,1N4148,1N4148 Series 500 mW 100 V Max Reverse Voltage 200
889,,,,180,512-1N4745A,Zener Diodes 16V 1W ZENER 5%
889,,,,58,1N4745A,1N4745A Series 1.3W 16V 200 mA 5 % TH Zener Diode
891,,,,58,1N4004,1N400 Series 1.1V 1A 400V Voltage Standard Rectifi
900M-T-1.6D,,,,614,900M-T-1.6D,BEST 900M-T-1.6D Pencil Soldering Solder Iron Tip 
911,,,,58,BTA41-800B,BTA41 Series 800 V 41 A Standard Triac AC
914,,,,58,BTA24-600BWRG,TRIAC VDRM=600V BTA24-600BWRG
916,,,,180,511-BTA24-800BWRG,Triacs 25 AMP 800 VOLT
916,,,,58,BTA24-800BWRG,BTA24 Series 800 V 25 A Snubberless Triac AC Switc
919,,,,124,NULL,VARISTOR JNR20D271K (20E/150V)
919,,,,180,576-V20E150P,Varistors 150Vrms 10kA 1600pF 20mm Disc 
919,,,,58,V10E275P,350VDC 275V RMS 710V Clamp 3500A 200pF Radial Var
926,,,,114,NULL,CAJA INVERSOR UNESF  13X 12X 8 1/8  250C
950,,,,124,NULL,"CARBON FILM RESISTOR, 1/4W, 5% 47K OHM"
950,,,,180,291-47K-RC,CARBON FILM RESISTOR ¼W 5% XICON 291-47K-RC
951,,,,124,NULL,"CARBON FILM RESISTOR, 1/4W, 5% 5K1 OHM"
951,,,,180,NULL,CARBON FILM RESISTOR ¼W 5% XICON 291-5.1K
952,,,,180,291-5.6K-RC,CARBON FILM RESISTOR ¼W 5% XICON 291-5.6K
953,,,,180,291-51K-RC,CARBON FILM RESISTOR ¼W 5% XICON 291-51K
954,,,,180,NULL,CARBON FILM RESISTOR ¼W 5% XICON 291-560
955,,,,180,NULL,CARBON FILM RESISTOR ¼W 5% XICON 291-560K
956,,,,124,NULL,"CARBON FILM RESISTOR, 1/4W, 5% 56K OHM"
956,,,,180,291-56K-RC,CARBON FILM RESISTOR ¼W 5% XICON 291-56K-RC
957,,,,180,NULL,CARBON FILM RESISTOR ¼W 5% XICON 291-6.49K
958,,,,180,291-6.8K-RC,CARBON FILM RESISTOR ¼W 5% XICON 291-6.8K
959,,,,180,291-620K-RC,CARBON FILM RESISTOR ¼W 5% XICON 291-620K-RC
960,,,,180,NULL,CARBON FILM RESISTOR ¼W 5% XICON 291-680K
961,,,,180,NULL,CARBON FILM RESISTOR ¼W 5% XICON 291-68K
962,,,,180,291-75-RC,CARBON FILM RESISTOR ¼W 5% XICON 291-75-RC
963,,,,180,291-330-RC,CARBON FILM RESISTOR ¼W 5% XICON 291-750
964,,,,180,NULL,CARBON FILM RESISTOR ¼W 5% XICON 291-750K
965,,,,180,291-75K-RC,CARBON FILM RESISTOR ¼W 5% XICON 291-75K-RC
966,,,,180,NULL,CARBON FILM RESISTOR ¼W 5% XICON 291-8.2K
967,,,,180,NULL,CARBON FILM RESISTOR ¼W 5% XICON 291-.01K
968,,,,180,NULL,CARBON FILM RESISTOR ¼W 5% XICON 291-820K
969,,,,180,291-82K-RC,CARBON FILM RESISTOR ¼W 5% XICON 291-82K
970,,,,180,291-9.1K-RC,CARBON FILM RESISTOR ¼W 5% XICON 291-9.1K
971,,,,180,NULL,CARBON FILM RESISTOR ¼W 5% XICON 291-910
972,,,,180,NULL,CARBON FILM RESISTOR ¼W 5% XICON 291-910K
973,,,,180,NULL,CARBON FILM RESISTOR ¼W 5% XICON 291-91K-RC
992,,,,180,863-MPSA05G,Bipolar Small Signal 500mA 60V NPN
992,,,,58,MPSA05RA,MPSA05 SERIES 60V 500mA TH AMPLIFIER TRANSISTOR
996,,,,180,291-10-RC,CARBON FILM RESISTOR ¼W 5% XICON 291-10
997,,,,180,291-100-RC,CARBON FILM RESISTOR ¼ W 5% XICON 291-100-RC
998,,,,124,NULL,"CARBON FILM RESISTOR, 1/4W, 5% 100K OHM"
998,,,,180,291-100K-RC,CARBON FILM RESISTOR ¼ W 5% XICON 291-100K-RC
999,,,,124,NULL,"CARBON FILM RESISTOR, 1/4W, 5% 10K OHM"
999,,,,180,291-10K-RC,CARBON FILM RESISTOR ¼ W 5% XICON 291-10K-RC
ANT433,,,,440,NULL,ANTENNA ACCORDATA 433.92 MHZ NOLOGO
BASE-14P,,,,124,MCN-1004-0014,CONECTOR MCN-1004-0014 BS-114P 14PIN
BIN414C2V32,,,,773,BIN414C2V32,4K-14K BTU COOL15 SEER R410a 230V-1 60Hz INNOVAIR
BIN520C2V32,,,,773,BIN520C2V32,5K-20K BTU COOL15 SEER R410a 230V-1 60Hz INNOVAIR
BIN625C2V32,,,,773,BIN625C2V32,6K-25K BTU COOL15 SEER R410a 230V-1 60Hz INNOVAIR
BR3/8.6,,,,40,1001727,"BARRA ROSCADA 3/8"" X 6'"
BZX85B10-TR,,,,180,78-BZX85B10,Zener Diodes 10 Volt 1.3 Watt 2%
C1206C101J1GACTU,,,,180,80-C1206C101J1G,Multilayer Ceramic Capacitors MLCC - SMD/SMT 100vo
C1206C101K1GACTU,,,,180,80-C1206C101K1G,MLCC - SMD/SMT 100volts 100pF C0G 10%
C1206C103M5RAC7210,,,,180,80-C1206C103M5R7210,Multilayer Ceramic Capacitors MLCC - SMD/SMT 50vol
C1206C104K5RACTU,,,,180,80-C1206C104K5R,Multilayer Ceramic Capacitors MLCC - SMD/SMT 50vol
C1206C105K5R,,,,180,80-C1206C105K5R,MLCC - SMD/SMT 50volts 1uF 10% X7R 
C1206C105K5RAC,,,,180,80-C1206C105K5RAC,Multilayer Ceramic Capacitors MLCC - SMD/SMT 50vol
C2012X7T2E104M125AA,,,,180,810-C2012X7T2E104MAA,Multilayer Ceramic Capacitors MLCC - SMD/SMT 0.1uF
CCGR-2S,,,,131,NULL,CCGR-2S RECEIVER
CCGT-5B,,,,464,NULL,ECRT-3 HSC 101 TRANSMITTER
CCGT-5B,,,,131,NULL,CCGT-5 REMOTE BLACK
CF1/4C1R8J,,,,180,660-CF1/4C1R8J,CARBON FILM RESISTOR ¼W 5% 1.8OHM KOA SPEER
CRCW1206100RFKEA,,,,180,71-CRCW1206-100-E3,Thick Film Resistors - SMD ¼W 100ohms 1%
CRCW1206100RFKEAHP,,,,180,71-CRCW1206100RFKEAH,Thick Film Resistors - SMD ½W 100ohms 1% 100ppm Hi
CRCW120610K0FKEA,,,,180,290-10K-RC,1/8W 10 kOhm ±1 % ±100 ppm/K Rectangular SMT Chip 
CRCW120610K0FKEA,,,,58,CRCW120610K0FKEA,1/8W 10 kOhm ±1 % ±100 ppm/K Rectangular SMT Chip 
CRCW120610R0FKEAHP,,,,180,71-CRCW120610R0FKEAH,Thick Film Resistors - SMD ½W 10ohms 1% 100ppm Hig
CRCW120610R0FKEAHP,,,,58,RC1206FR-0710RL,Thick Film Resistors - SMD ½W 10ohms 1% 100ppm Hig
CRCW120612K4FKEA,,,,180,71-CRCW1206-12.4K-E3,Thick Film Resistors - SMD 1/4watt 12.4Kohms 1%
CRCW120618K0FKTA,,,,180,71-CRCW1206-18K,Thick Film Resistors - SMD ¼W 18Kohms 1% Non Stan 
CRCW12061K00FKEA,,,,180,71-CRCW1206-1.0K-E3,Thick Film Resistors - SMD ¼W 1.0Kohms 1%
CRCW12061R00FKEAHP,,,,180,71-CRCW12061R00FKEAH,Thick Film Resistors - SMD ½W 1ohms 1% 100ppm High
DP-100,,,,180,801-DP-100,Soldering Tools High Vac Desold Pmp
ECQ-E2103KF,,,,180,667-ECQ-E2103KF,Film Capacitors 250DC 0.010uF 10% L/S =7.5mm
ECW-FD2W474K,,,,180,667-ECW-FD2W474K,"Film Capacitors 450VDC, 0.47uF, 10% LS 15mm Straig"
EMC2-68R0KI,,,,180,756-EMC2-68R0K,Metal Film Resistors - Through Hole 2W 68 ohm 10%
ERJ-P06F22R0V,,,,101,667-ERJ-P06F22R0V,Thick Film Resistors - SMD 0805 22ohms 0.5W 1% Tol
ERJ-S06F10R0V,,,,101,667-ERJ-S06F10R0V,Thick Film Resistors - SMD 0805 10ohms 1% Anti-Sul
FC-28AWG6C,,,,463,NULL,1000Ft 6 Conductor Silver S Modular Cable PN00219
FCSQ0765RTYDTU,,,,180,512-FSCQ0765RTYDTU,SOFT SWITCHING PWM CONTROLLER
FOD3182S,,,,180,512-FOD3182S,FOD3182 Series 10 - 30V 3A Hspeed MOSFET Gate Driv
FOXSLF/100-20,,,,180,559-FOXS100-20-LF,Crystals 10MHz 20pF
FOXSLF/120-20,,,,180,559-FOXS120-20-LF,Crystals 12MHz 20pF
FRDM-KE02Z,,,,180,841-FRDM-KE02Z,FREESCALE DEVELOMENT BOARD
FSCQ0765RTYDTU,,,,180,512-FSCQ0765RTYDTU,SOFT WITCHING PWM CONTROLLER FSCQ0765RTYDTU
FSCQ1565RTYDTU,,,,180,512-FSCQ1565RTYDTU,Power Switch ICs - Power Distribution 15A/650V QRC
FSL138MRTWDTU,,,,180,512-FSL138MRTWDTU,AC/DC Converters GreenMode Pwr Switch for Hi Input
FSQ0465RSWDTU,,,,180,512-FSQ0465RSWDTU,Power Switch ICs - Power Distribution Gr Mode Powe
FUYANG LAMP,,,,423,FUYANG LAMP,LAMP WITH ANTENNA FUYANG
FUYANG LS-24,,,,423,FUYANG LSJJ-24,SLIDING GATE OPERATOR LSJJ-24 120V 62Hz FUYANG
FUYANG LSJJ-18,,,,423,FUYANG LSJJ-18,SLIDING GATE OPERATOR LSJJ-18 120V 62Hz FUYANG
FUYANG LSJJ-21,,,,423,NULL,SLIDING GATE OPERATOR LSJJ-21 120V 62Hz FUYANG
FUYANG LSJJ-35,,,,423,FUYANG LSJJ-35,SLIDING GATE OPERATOR LSJJ-35 120V 63Hz FUYANG
FUYANG LSJJ-45,,,,423,FUYANG LSJJ-45,SLIDING GATE OPERATOR LSJJ-45 120V 64Hz FUYANG
FUYANG REMOTE,,,,423,FUYANG-REMOTE,REMOTE CONTROL FUYANG
FUYANG-LAMPC,,,,423,FUYANG-LAMPC,COMMON LAMP FUYANG
FUYANG-R22221000,,,,423,FUYANG-R22221000,STEEL GEAR RACK 22X22X1000MM WITH 3 BOLTS AND NUTS
FUYANG-R30121000,,,,423,FUYANG-R30121000,STEEL GEAR RACK 30X12X10000MM WITH 3 BOLTS AND NUT
FUYANG-RACK_N,,,,423,FUYANG-RACK_N,NYLON GEAR RACK FUYANG
FUYANG-RECEIVER,,,,423,FUYANG-RECEVER,EXTERNAL RECEIVER FUYAN
GM2-160N/3P,,,,261,SASNS160N-160,BREAKER INDUSTRIAL 125-160AMP-3P/SASSIN
HCPL-T250-000E,,,,180,630-HCPL-T250-000E,1.5A IGBT GATE DRIVER HCPL-T250-000E
IRF2907ZSTRLPBF,,,,180,942-IRF2907ZSTRLPBF,MOSFET MOSFT 75V 170A 4.5mOhm 180nC
JJ-CRC-F7,,,,565,JJ-CRC-F7,DUPLICATOR
JJ-RC-F7,,,,565,JJ-RC-F7,TRNSMITTER HCS301
KBL06-E4-51,,,,180,625-KBL06-E4,BRIDGE RECTIFIER VISHAY
KBL10,,,,180,512-KBL10,Bridge Rectifiers 4A Bridge Rectifier
KBL10,,,,58,KBL10,KBL Series 1 kV 4 A 5 uA Bridge Rectifier - KBL-4
KLS17-0635-FC-80-5,,,,646,KLS17-0635-FC-80-5,Flat Cable  80 Pins and 200 Meters Length
LM2575,,,,692,TL2575HVADJIKV,CONV DC-DC SINGLE STEP DOWN 4.75V TO 60V 5 PIN TO-
LM2575,,,,58,LM2575HVT-ADJ/NOPB ,LM2575 SERIES 6V 1A SIMPLE SWITCHER VOLT REGULATOR
LM293DG,,,,181,863-LM293DG,ON SEMI COMPARATOR IC
LMV358IPT,,,,180,511-LMV358IPT,Operational Amplifiers - Op Amps Dual Rail-to-Rail
LQH31CN100K03L,,,,180,81-LQH31CN100K03L,Fixed Inductors 10uH 10%
LQH32CN220K53L,,,,180,81-LQH32CN220K53L,Fixed Inductors 22uH 10%
LTST-C230EKT,,,,180,859-LTST-C230EKT,LITE-ON STANDARD LED SMD
LTST-C230KGKT,,,,180,859-LTST-C230KGKT,LITE-ON STANDARD LED SMD
LUCE-0,,,,440,LUCE-0-110,LAMP.110 LUCE FISSA NOLOGO
MBRS1540T3G,,,,180,863-MBRS1540T3G,Schottky Diodes & Rectifiers 1.5A 40V
MC34063ABN,,,,180,511-MC34063ABN,Switching Regulators DC DC CONVERTER CONTROL CIRCU
MC34063AD,,,,180,595-MC34063AD,Switching Regulators 1.5-A Boost/Buck Inverting Sw
MC34063AP1G,,,,180,863-MC34063AP1G,Switching Regulators 40V 1.5A Buck/Boost/Inverting
MC74HC125ADR2G,,,,180,863-MC74HC125ADR2G,Buffers & Line Drivers 2-6V Quad 3-State Non-Inver
MC9S08PT60VQH,,,,180,841-MC9S08PT60VQH,FREESCALE 8 BIT MICROCONTROLLER
MKE02Z64VQH2,,,,180,841-MKE02Z64VQH2,FREESCALE ARM MICROCONTROLLER
MNEPV15,,,,754,CS-1386,MIDNITE SOLAR MNEPV15 15A 150VDC DIN RAIL MOUNT BR
MPGO-LDP,,,,423,NULL,RELEASE LEVA COMPLETE LSJJ (KEY+CLIP)
MPGO-PC,,,,423,NULL,PLASTIC SUPPORT COVER
MPGO-PSC,,,,423,NULL,GATE OPENER PLASTIC COVER LSJJ
MPGO-TP,,,,423,NULL,TOP PLATE
MPGO1200KG,,,,423,NULL,LSJJ-21 SLIDING GATE OPERATOR 120V 60Hz
MPGO800KG,,,,423,NULL,LSJJ-18 SLIDING GATE OPERATOR 120V 60Hz
MPSA92RLRPG,,,,180,863-MPSA92RLRPG,Bipolar Transistor Small Signal 500mA 300V PNP
MSI-P10003,,,,180,NULL,PUSH BUTTON 400x400 MILS 612-320E1-1BLK
MSI-P10004,,,,180,NULL,PUSH BUTTON 400x400 MILS 612-302E1-1GRN
MSI-P10005,,,,180,NULL,PUSH BUTTON 400x400 MILS 612-302E1-1RED
MUN2212T1G,,,,180,863-MUN2212T1G,ON SEMI TRANSISTOR SWITCHING
MUR210G,,,,180,863-MUR210G,Rectifiers 100V 2A UltraFast
NCP3064BDR2G,,,,180,863-NCP3064BDR2G,- Switching Regulators 1.5A SW REG W/ENABLE
NF-1218,,,,40,1005079,"SEGUETA NICH 18T/12"" NF-1218"
NRS6014T220MMGGV,,,,180,963-NRS6014T220MMGGV,Fixed Inductors SMD POWER AEC-Q200 22uH 20%
NRS8040T220MJGJ,,,,180,963-NRS8040T220MJGJ,Fixed Inductors INDCTR SMD HI CUR 22uH 20% 
NU006CNHM02ZI,,,,176,NULL,NU006CNHM02ZI 6-32 HEX M/S NUT STEEL ZINC PLT
PGO-175C-W,,,,114,NULL,CAJA POWEGATE  12 7/8X 10 3/4X 14 3/4  175C
PI-E800,,,,425,NULL,E800 MODIFIED SINE WAVE INVERTER 120VAC 60Hz 24VDC
PRS2020,,,,746,RPS2020,SOLAR CHARGE CONTROLLER
Q8025L6,,,,180,576-Q8025L6,TRIAC 800V 25A Q8025L6
S1A,,,,180,625-S1A-E3,S1 Series 50V 1A 1uA SMD General Purpose Rectifier
SAK 35EN JXB2.35,,,,425,NULL,TERMINAL BLOCK SAK 35EN JXB2.35 GREEGOO
SAK70ENJXB70/35,,,,425,NULL,SAK 70EN JBX 70/35 COMBINED TERMINAL BLOCK 192A/80
SCR38-350-1R8B008J,,,,180,80-SCR38350-1R8B008J,Common Mode Filters / Chokes AC Filter T/H Large S
SDR1305-101K,,,,180,652-SDR1305-101K,Fixed Inductors 100uH 10% SMD 1305
SDR1305-221K,,,,180,652-SDR1305-221K,Fixed Inductors 220uH 10% SMD 130
SMF5.0A,,,,180,576-SMF5.0A,TVS Diodes - Transient Voltage Suppressors 5V 200W
SMF5.0AT1G,,,,180,863-SMF5.0AT1G ,Diodos TVS - Supresores de tensión transitoria ZEN
SRR1280-121K,,,,180,652-SRR1280-121K,Fixed Inductors 120uH 10% SMD 1280
ST-500KG110V,,,,398,NULL,MOTORE HERCULE 500KG 120V 60HZ SH501100000
ST-800KG24V,,,,398,NULL,MOTORE HERCULES 500 24V SH5002411110V-01
TC_599,,,,188,599,"Hakko Wound ""Wire"" Tip Cleaner"
TS3702CDT,,,,180,511-TS3702CDT,Micropower Dual CMOS Voltage Vomparators
UC3843BD1G,,,,180,863-UC3843BD1G,Switching Controllers 52kHz 1A Current PWM w/96% D
UC3845BVD1R2G,,,,180,863-UC3845BVD1R2G,Switching Controllers 52kHz 1A Current PWM w/48% D
US1J-E3/61T,,,,180,625-US1J-E3,Rectifiers 1.0 Amp 600 Volt
UVR1H471MHD,,,,180,647-UVR1H471MHD,A.E.C. Leaded 50volts 470uF 12.5x20 20% 5LS
V05E11P,,,,180,576-V05E11P,LITTLEFUSE VARISTOR
VJ1206A220KXACW1BC,,,,180,77-VJ1206A220KXACBC,MLCC - SMD/SMT 1206 22pF 50volts C0G 10%
VJ1206Y105MXJTW1BC,,,,180,77VJ1206Y105MXJTBC,VISHAY MULTILAYER CERAMIC CAPACITOR
VJ1206Y561KXXPW1BC,,,,180,77-VJ1206Y561KXXPBC,MLCC - SMD/SMT 1206 560pF 25volts X7R 10%
W1095,,,,188,1095,Weller 1095 - Weller High Temperature Heat Gun
WP115WEYW,,,,180,604-WP115WEYW,Standard LED - T H Red Yellow 625 588nm Diffused 4
WP710A10SRC/D,,,,180,604-WP710A10SRC/D,Standard LED - T H Red 700mcd 640nm 34 deg Water C
WP937GYW,,,,180,604-WP937GYW,Standard LED - T H GREEN/YELLOW 2-LEAD
XW6048,,,,754,CS-1204,SCHNEIDER ELECTRIC XANTREX XW6048-60 6.0KW INVERTE
ZOOM-Z180,,,,440,NULL,FOTO DA PARETE SINCRO 180 NOLOGO
ZOOM-Z180BRP,,,,440,ZOOM-Z180BRP,FOTO DA PARETE 180 DIGIT BATTERIA CON PANNELLOS
